user_id,username,password,email
1000,qnorris,H6*gCNkd(M,danielle80@example.net
1001,onelson,PbH(9Lx%)6,swhite@example.net
1002,alexisdavis,!H3N%DpX6w,gdiaz@example.com
1003,jenniferholder,D+W2jCXs+R,john48@example.org
1004,cbailey,*I0P%w*S!k,cainthomas@example.org
1005,melissa32,R5)zO6Rx_^,williamssamantha@example.org
1006,fosterpaula,@P1S$8!j4z,rvelasquez@example.net
1007,william54,7r#02aMG$e,bharris@example.com
1008,landerson,+bz0#hYnpP,kevin50@example.com
1009,kscott,qq4QkxZtI),rdavis@example.com
1010,joshua58,!jFNm_d%1^,donna43@example.com
1011,henry09,^6L1q_)f5Q,derek16@example.org
1012,peter92,$^s4bRQw58,adrian85@example.com
1013,wcross,&PL5c3jh58,wrightjeffery@example.net
1014,oharper,@AIU4JuBce,robert60@example.net
1015,ehull,Hb@2k!JeS+,danielle71@example.com
1016,gglenn,8+9)6&YzrX,andrew85@example.net
1017,amandamoses,_0O2UEY!&c,xgarcia@example.net
1018,robertsdavid,&@707CpEF^,parkerjacqueline@example.org
1019,jayli,T(Mr57nf0E,russellchristopher@example.com
1020,rvelazquez,*qsK!w4rk9,jennifer80@example.org
1021,suewhite,4l4$)Udv)I,anthony77@example.net
1022,millerdiana,%2fOyUtpl6,hinescharles@example.org
1023,barbararichards,GgeN+8Jz(M,christopherbrown@example.net
1024,morganandrea,sp8&Kvaa4+,snunez@example.org
1025,burkecaitlin,+H@BdkBGr5,dortiz@example.com
1026,gonzalezthomas,rfsE%3CcK),hillreginald@example.org
1027,josephrobinson,_9wZuwB__d,kwalker@example.net
1028,jennifertucker,M5HGsf67^+,rileylauren@example.org
1029,kgibson,$7GCi2oK(t,sarah91@example.org
1030,nataliecalderon,_p36aG3tFE,pjenkins@example.net
1031,lhamilton,hDPXj6Dbs^,rebecca45@example.com
1032,jrojas,P7F)g#LK#T,cherylbrown@example.net
1033,veronica75,(M7PNjNJe9,hernandezcristian@example.net
1034,staylor,!^kwlqHbL4,johnwoodward@example.com
1035,michaelmatthews,LBnBZthm)3,emily95@example.com
1036,shorn,sN6_K6LoZi,wilsonstacy@example.net
1037,henrydorothy,@2BXNBtuWx,cheryl53@example.net
1038,christine19,C&6k8L6nBP,nicholasgray@example.net
1039,kennetharmstrong,#04z^)OClp,davidkim@example.com
1040,roberta13,N#@2JA4jS9,mhudson@example.net
1041,robert72,+!2jXyn$28,larrycoleman@example.org
1042,vegastacy,qi#0IAx03N,ronaldhaley@example.org
1043,kendra35,x9R&xW(e%D,fharris@example.org
1044,debracollier,_nJ1C3sp#@,christopher38@example.net
1045,amanda89,UkT8e1Ae6_,ymeyer@example.org
1046,tracylee,&rQ4KXr3bN,reedannette@example.net
1047,kevin67,7dHiW8Jh&Q,chandlerkatie@example.com
1048,randyglenn,@STeqbnc7T,danielwatts@example.com
1049,danielharrison,xx@p00TpRR,watkinssheila@example.net
1050,patrick43,78F@oG*U@D,pattersonwilliam@example.net
1051,cunninghamwilliam,$*5lOgEzJo,petersenelizabeth@example.com
1052,bradleyjohnson,)!92ZBdMre,flee@example.com
1053,wcardenas,&g5L(b2!1*,sarahrhodes@example.com
1054,scottgarrett,3W$5W1Mw(Q,christopherhardy@example.net
1055,ginaklein,J$6Gg$pBj$,marylloyd@example.com
1056,leedillon,5T&YlJFq*O,michaelmatthews@example.org
1057,ztodd,0#E69Yx782,allenjeffrey@example.com
1058,ajohnson,#_N%seZy)7,samuelnichols@example.org
1059,alyssa44,5a!_XTvq%9,gterrell@example.org
1060,uwashington,$yPZuHs2G8,thardy@example.net
1061,taylorjoseph,(0FO1i&tUN,jessicamitchell@example.net
1062,ibaldwin,Sa7+1wBm@*,victoriaturner@example.com
1063,martinezharry,_*%3vYoPNT,vincent10@example.net
1064,nancy33,^#x4Wa*G(h,lbrown@example.com
1065,aroberts,#f1&WRsNh0,molly38@example.net
1066,ryan08,$+gZ&kwvl3,sabrina42@example.net
1067,stephen65,2T4CF8EuM$,ramoscynthia@example.org
1068,denniswilliam,#C7Sa&Srt_,matthew96@example.org
1069,claytonparker,^1VBVCBrUn,shurley@example.com
1070,bakerkyle,703mL$If)m,keithbutler@example.net
1071,lpeterson,*4dWSbio@x,cole51@example.net
1072,emilyalexander,9JYr4opG#y,jeffreyvaughan@example.com
1073,cindyzhang,uqWv$3Unbw,kimberly52@example.net
1074,valenciajessica,b8UaB(wu+6,jenny11@example.net
1075,garciadanny,4*6RpeZx%h,qpatterson@example.org
1076,sanderskimberly,+a9LB+PkpE,miguel96@example.net
1077,wcollins,%1VyuDgT4h,brendaweber@example.net
1078,fhill,7wvSZ_m_*0,allisongonzalez@example.org
1079,howellmorgan,gb$8Csdc_7,martinfrye@example.com
1080,javier12,)ceub3Omc@,christina49@example.net
1081,suzannerush,&&ej3Tz17g,smithdiana@example.org
1082,gregorycannon,udFqHdDA@3,eramsey@example.com
1083,dmiller,#f4n(XLoqb,christina88@example.net
1084,wmartinez,(UHu56MeEb,dustinweaver@example.org
1085,wilsonrandy,kDCl5*z9_1,melissastrickland@example.net
1086,ovaughn,)yD0xYm)(G,leah23@example.org
1087,tonya29,b#82^XA1By,rhonda72@example.org
1088,brownandrew,Md2d7Bx(5_,lwinters@example.net
1089,corey96,&7BSZYg_#k,changbenjamin@example.net
1090,raven92,R20UPl_&)s,ymiller@example.com
1091,wilsonrobert,^DHZ(fgZT0,stevenchavez@example.com
1092,dana58,$HtlOSKb9&,bellellen@example.net
1093,scott18,wW(26OUulV,lwells@example.com
1094,don22,&Q4JdrSn6X,bbuckley@example.com
1095,debracarlson,UAkxLxRn_2,tylerstewart@example.com
1096,noahwilliams,J7SF8bZd+(,victoria80@example.org
1097,thomaskrause,b1Z)W4Ar^B,edwardscrystal@example.org
1098,qfarmer,!A9mg6Phs),john68@example.net
1099,thomaspatton,2nLXkw4t(x,dustinwhite@example.com
